{
  "results": [
    {
      "runId": "1bb7c7e9-9358-44f4-a743-64ab6c2ee6e9",
      "terminalStatus": "completed",
      "firstByteMs": 19162.974708,
      "firstStatusMs": 19163.174666,
      "firstEventMs": 19163.405125,
      "firstTextMs": 21124.930875000002,
      "totalMs": 26267.067083,
      "textLength": 11,
      "metrics": {
        "run_id": "1bb7c7e9-9358-44f4-a743-64ab6c2ee6e9",
        "org_id": "3082bc1d-94be-4c5a-bff8-83ef7e970d04",
        "type": "chat",
        "status": "completed",
        "auth_ms": 9434.604208,
        "harness_resolution_ms": 4611.932709,
        "run_creation_ms": 1021.373416,
        "file_load_ms": 0,
        "file_parse_ms": 0,
        "compaction_ms": 0,
        "provider_ttft_ms": 5.79629099999875,
        "first_byte_to_client_ms": 2001.296875,
        "event_persist_ms": 974.321416999999,
        "run_finalize_ms": 1835.162209,
        "total_ms": 19216.102583,
        "db_query_count": 8,
        "db_total_ms": 2.24850000000151,
        "hidden_pre_stream_calls": 0,
        "input_tokens_estimate": 8,
        "system_prompt_tokens_estimate": 502,
        "provider_name": "Mistral Small",
        "model_name": "mistral-small-latest",
        "created_at": "2026-07-16T10:56:35.367Z"
      }
    },
    {
      "runId": "2a040810-f3bd-4ba6-9fcf-5e20d9b03d1d",
      "terminalStatus": "completed",
      "firstByteMs": 3164.034875000001,
      "firstStatusMs": 3164.0840409999983,
      "firstEventMs": 3164.0917500000032,
      "firstTextMs": 4759.974791000004,
      "totalMs": 7048.535790999998,
      "textLength": 11,
      "metrics": {
        "run_id": "2a040810-f3bd-4ba6-9fcf-5e20d9b03d1d",
        "org_id": "3082bc1d-94be-4c5a-bff8-83ef7e970d04",
        "type": "chat",
        "status": "completed",
        "auth_ms": 401.670708000005,
        "harness_resolution_ms": 1653.303,
        "run_creation_ms": 404.653124999997,
        "file_load_ms": 0,
        "file_parse_ms": 0,
        "compaction_ms": 0,
        "provider_ttft_ms": 1.01924999999756,
        "first_byte_to_client_ms": 1612.24825,
        "event_persist_ms": 408.475332999995,
        "run_finalize_ms": 955.454167000004,
        "total_ms": 4986.233792,
        "db_query_count": 7,
        "db_total_ms": 1.34566899998026,
        "hidden_pre_stream_calls": 0,
        "input_tokens_estimate": 8,
        "system_prompt_tokens_estimate": 502,
        "provider_name": "Mistral Small",
        "model_name": "mistral-small-latest",
        "created_at": "2026-07-16T10:56:47.698Z"
      }
    },
    {
      "runId": "58913e02-645b-4fb2-9153-7d1dabdeff13",
      "terminalStatus": "completed",
      "firstByteMs": 2067.004457999996,
      "firstStatusMs": 2067.080041000001,
      "firstEventMs": 2067.0879579999964,
      "firstTextMs": 3125.2595,
      "totalMs": 5344.050582999997,
      "textLength": 21,
      "metrics": {
        "run_id": "58913e02-645b-4fb2-9153-7d1dabdeff13",
        "org_id": "3082bc1d-94be-4c5a-bff8-83ef7e970d04",
        "type": "chat",
        "status": "completed",
        "auth_ms": 415.255583000006,
        "harness_resolution_ms": 1208.106292,
        "run_creation_ms": 415.000708000007,
        "file_load_ms": 0,
        "file_parse_ms": 0,
        "compaction_ms": 0,
        "provider_ttft_ms": 0.34433400000853,
        "first_byte_to_client_ms": 1062.57283400001,
        "event_persist_ms": 452.543791999997,
        "run_finalize_ms": 915.133290999991,
        "total_ms": 4005.293666,
        "db_query_count": 7,
        "db_total_ms": 4.05179199998383,
        "hidden_pre_stream_calls": 0,
        "input_tokens_estimate": 8,
        "system_prompt_tokens_estimate": 502,
        "provider_name": "Mistral Small",
        "model_name": "mistral-small-latest",
        "created_at": "2026-07-16T10:56:54.249Z"
      }
    }
  ],
  "prompt": "What is the capital of France?",
  "at": "2026-07-16T10:56:55.106Z"
}
